{"cameraMode":{"drawMode":0,"name":"Shaded","section":"Shading Mode"},"sceneLighting":false,"audioPlay":false,"sceneViewState":{"showFog":true,"showMaterialUpdate":true,"showSkybox":true,"showFlares":true,"showImageEffects":true,"showParticleSystems":true},"in2DMode":false,"pivot":{"x":35.929832458496097,"y":-69.40007019042969,"z":132.3655242919922},"rotation":{"x":0.3195686638355255,"y":-0.09012303501367569,"z":0.030679095536470414,"w":0.9431049227714539},"size":125.6622085571289,"orthographic":false}