{"cameraMode":{"drawMode":0,"name":"Shaded","section":"Shading Mode"},"sceneLighting":false,"audioPlay":false,"sceneViewState":{"showFog":true,"showMaterialUpdate":true,"showSkybox":false,"showFlares":true,"showImageEffects":true,"showParticleSystems":true},"in2DMode":false,"pivot":{"x":1.341104507446289e-7,"y":1.7824338674545289,"z":0.30539509654045107},"rotation":{"x":0.13223308324813844,"y":0.4886440336704254,"z":-0.07525447010993958,"w":0.8592876195907593},"size":6.077495098114014,"orthographic":false}