{"cameraMode":{"drawMode":0,"name":"Shaded","section":"Shading Mode"},"sceneLighting":false,"audioPlay":false,"sceneViewState":{"showFog":true,"showMaterialUpdate":true,"showSkybox":false,"showFlares":true,"showImageEffects":true,"showParticleSystems":true},"in2DMode":false,"pivot":{"x":-1.8878018856048585,"y":0.5850201845169067,"z":-3.035135507583618},"rotation":{"x":0.22834432125091554,"y":-0.6484787464141846,"z":0.2132216840982437,"w":0.69426429271698},"size":8.321308135986329,"orthographic":false}