{"cameraMode":{"drawMode":0,"name":"Shaded","section":"Shading Mode"},"sceneLighting":false,"audioPlay":false,"sceneViewState":{"showFog":true,"showMaterialUpdate":true,"showSkybox":false,"showFlares":true,"showImageEffects":true,"showParticleSystems":true},"in2DMode":false,"pivot":{"x":0.20951509475708009,"y":0.04150134325027466,"z":-0.7131770849227905},"rotation":{"x":0.030861729755997659,"y":-0.968084990978241,"z":0.20147374272346497,"w":0.14727726578712464},"size":2.0931105613708498,"orthographic":false}