{"cameraMode":{"drawMode":0,"name":"Shaded","section":"Shading Mode"},"sceneLighting":false,"audioPlay":false,"sceneViewState":{"showFog":true,"showMaterialUpdate":true,"showSkybox":false,"showFlares":true,"showImageEffects":true,"showParticleSystems":true},"in2DMode":false,"pivot":{"x":-1.8491697311401368,"y":-0.9397318363189697,"z":-3.6827921867370607},"rotation":{"x":0.0961463525891304,"y":-0.7510720491409302,"z":0.11209873110055924,"w":0.6435961723327637},"size":8.321309089660645,"orthographic":false}